id;adi;aciklama;onay_durumu
1;Avon;Seychelles;ONAYLANDI
2;sensor;Metal;ONAY_BEKLENMEDE
3;transmitting Bel√ßika Borders;payment Parks Shirt;ONAYLANMADI
4;Dynamic compressing;Gambiya architect Avon;ONAYLANMADI
5;SMTP;Practical;ONAY_BEKLENMEDE
6;transmit USB synergistic;Personal to model;ONAYLANMADI
7;Cambridgeshire optical;Agent conglomeration Refined;ONAYLANMADI
8;Electronics interface Soap;Fords;ONAYLANDI
9;circuit;quantify;ONAYLANMADI
10;concept haptic integrated;Yen human-resource;ONAYLANMADI
