id;konu;aciklama;son_tarih
1;Meksika Account;hacking;2021-11-10
2;Berkshire;index Graphical Costa;2021-11-09
3;Arabistan service-desk incubate;action-items model;2021-11-10
4;indigo;24/365;2021-11-09
5;connect Wooden Moldavya;Expanded port;2021-11-10
6;fuchsia program generation;withdrawal;2021-11-09
7;Shoes bricks-and-clicks SQL;Cordoba Borders;2021-11-09
8;wireless boliviano Awesome;Leone Buckinghamshire demand-driven;2021-11-10
9;Cove Fresh;Swiss;2021-11-09
10;Cambridgeshire feed Pants;withdrawal;2021-11-09
